{
  "cluster_features": [
    "\u00c1rea sembrada",
    "\u00c1rea cosechada",
    "Producci\u00f3n",
    "Rendimiento",
    "Ph_avg",
    "Capacidad de intercambio cati\u00f3nico_avg",
    "Mon\u00f3xido de Carbono_avg",
    "Porcentaje de acidez intercambiable_avg",
    "La saturaci\u00f3n de aluminio del suelo_avg",
    "temperatura_avg",
    "precipitacion_avg"
  ],
  "mean": [
    52.09828873677077,
    48.29554511597385,
    120.82565174929861,
    9.171704439913164,
    41.29429419559963,
    163.39184349908643,
    125.80382993330348,
    213.83565048072163,
    20.272349495829438,
    19.41925357144023,
    0.03293404842247855
  ],
  "scale": [
    26.22132705457504,
    24.384131742565827,
    41.398040395978214,
    2.710213596829652,
    8.423872146460115,
    105.84803800874357,
    105.21791285942938,
    151.12284604689995,
    17.78744657248061,
    5.824100442439198,
    0.0370116708677762
  ],
  "centroids": {
    "0": [
      -0.032942983692161254,
      -0.03683616468615981,
      -0.06441356325934668,
      -0.13364718813761678,
      -0.10414527279621534,
      -0.2833399841687741,
      -0.29250126057830594,
      -0.2407134187534667,
      -0.004576855119914275,
      0.18614873994539424,
      0.05282310400331414
    ],
    "1": [
      0.1745978135684537,
      0.1952316728366505,
      0.34139188527454106,
      0.7083300971293729,
      0.5519699458199346,
      1.5017019160945013,
      1.5502566810650218,
      1.2757811193933735,
      0.024257332135545893,
      -0.9865883217105909,
      -0.27996245121756447
    ]
  }
}