{
  "features": [
    "A\u00f1o",
    "Periodo",
    "\u00c1rea sembrada",
    "\u00c1rea cosechada",
    "Ciclo del cultivo",
    "Ph_avg",
    "Capacidad de intercambio cati\u00f3nico_avg",
    "Mon\u00f3xido de Carbono_avg",
    "Porcentaje de acidez intercambiable_avg",
    "La saturaci\u00f3n de aluminio del suelo_avg",
    "temperatura_avg",
    "precipitacion_avg"
  ],
  "median": [
    2021.0,
    2021.0,
    20.0,
    19.0,
    180.0,
    42.98139534883721,
    139.6511627906977,
    76.7989417989418,
    165.8975609756098,
    19.32780320366133,
    19.73793103448276,
    0.0232258064516129
  ],
  "mean": [
    2021.1129585065266,
    2021.1129585065266,
    50.99196382994239,
    47.208322759425364,
    690.981550353679,
    41.4058866312545,
    157.86308521780828,
    112.67670483478601,
    196.51388501319062,
    20.216374639304238,
    19.89199841972109,
    0.035625692223070805
  ],
  "scale": [
    1.3922315558576486,
    1.3922315558576486,
    61.578223594320775,
    57.91319941371682,
    779.2471538150236,
    9.115178564754306,
    106.25105227607105,
    103.3475851129563,
    146.02408169111217,
    18.074550059524164,
    5.337275585784704,
    0.038171814677673326
  ]
}